id,label,size,community
ironmonkey,ironmonkey,80424,0
jfourmess,jfourmess,117433,0
trashedpotatopie,trashedpotatopie,60590,0
digbytathamwarter,digbytathamwarter,61402,0
upsettingtooth1,upsettingtooth1,9813,0
kataudeo,kataudeo,10561,0
charlthemisfit,charlthemisfit,45469,1
idksean,idksean,53128,1
bydragonrush,bydragonrush,19686,1
groovytuii,groovytuii,9803,1
dryerplane,dryerplane,5899,1
rebel0namission,rebel0namission,9351,1
kairp,kairp,10803,1
c0smiik,c0smiik,9041,1
ogclutchisreal,ogclutchisreal,7816,1
sparkdog_,sparkdog_,11680,1
rudedog24,rudedog24,34686,2
tbnrkenworth,tbnrkenworth,63676,2
cadenbruner,cadenbruner,26340,2
thedeluxe4,thedeluxe4,44896,2
blackbladeeeee,blackbladeeeee,30434,2
sarahfrommars,sarahfrommars,15272,2
amrainbowbee,amrainbowbee,87504,3
thelgx,thelgx,232645,3
saturneighteen,saturneighteen,139689,3
burn,burn,417117,3
23dasilva,23dasilva,14217,4
shaynaah,shaynaah,24539,4
yoinksog,yoinksog,20407,4
8bit_beni,8bit_beni,20035,4
garbage_brain,garbage_brain,17249,4
itsdrp_,itsdrp_,12535,4
kingkontent,kingkontent,37261,4
liftedgn,liftedgn,25104,4
kiinkii_panda,kiinkii_panda,12091,4
masonshortland,masonshortland,58432,4
frogbound,frogbound,10975,4
bunbelievable,bunbelievable,9303,4
alphaclover_,alphaclover_,20975,4
nixonhd88,nixonhd88,18406,4
fatpally,fatpally,15568,4
dimobim0,dimobim0,10528,4
voladin17,voladin17,19488,4
ayubfe,ayubfe,34221,4
wildjing,wildjing,14066,4
moezeff,moezeff,18374,4
linx6ix,linx6ix,11623,4
berryyboo,berryyboo,22677,4
clutchcasters,clutchcasters,13791,4
klaas2fam,klaas2fam,10225,4
declancg,declancg,11301,4
clarenceactual,clarenceactual,8613,4
jason_plays_games,jason_plays_games,11184,4
erniecalhoun,erniecalhoun,9826,4
ste_eire,ste_eire,44717,4
travisrashguard,travisrashguard,17234,4
wucher09,wucher09,11144,4
letterjaye,letterjaye,71975,5
sonknuck,sonknuck,30718,5
bigsinka,bigsinka,16582,5
radsberry,radsberry,8790,5
withextrasauce,withextrasauce,39665,5
onesmolbumble,onesmolbumble,30362,5
neskrp,neskrp,10790,5
lordjasta,lordjasta,24249,5
goose_thegreat,goose_thegreat,22806,5
seomiyo,seomiyo,14756,5
arsisplays,arsisplays,37159,6
bergsbrew,bergsbrew,26583,6
mateo2lit,mateo2lit,17036,6
cazperstreams,cazperstreams,18845,6
comfygift,comfygift,13966,6
robotninjapants,robotninjapants,14352,6
senor_nerdy,senor_nerdy,14097,6
the_hug_dealer,the_hug_dealer,16503,6
pan_derp,pan_derp,7921,6
daggurt,daggurt,11135,6
drulktv,drulktv,21407,6
jubby,jubby,43245,6
kaelath_the_red,kaelath_the_red,12434,6
klokwrk,klokwrk,10920,6
matchesxmalone,matchesxmalone,13055,6
blunt_20202020,blunt_20202020,24145,6
deaflate,deaflate,11994,6
wave_tf,wave_tf,14177,6
ashhaul,ashhaul,11976,6
koapua,koapua,8964,6
lewdicon,lewdicon,23898,6
yaboidr3w,yaboidr3w,14118,6
trixyboostreams,trixyboostreams,17292,6
cowsmooingnsuch,cowsmooingnsuch,12169,6
queenquelle,queenquelle,10670,6
itzillwill,itzillwill,12547,6
uhhmort,uhhmort,11075,6
afro,afro,227019,7
ssaab,ssaab,741256,7
mrtimeee,mrtimeee,76774,7
eagleaye,eagleaye,436891,7
rlly,rlly,41771,7
generalemu,generalemu,76702,7
minervamaat,minervamaat,63106,8
madmoiselle,madmoiselle,34029,8
jogiiee,jogiiee,57700,8
badgerclaws_,badgerclaws_,4607,8
lt_custard,lt_custard,263161,9
bazzagazza,bazzagazza,355518,9
whippy,whippy,640145,9
kripted,kripted,45805,9
hoss,hoss,102744,9
aussieellie,aussieellie,63504,9
reychel,reychel,49349,9
solekefs,solekefs,86371,9
kalcyon,kalcyon,135380,10
moxier4wr,moxier4wr,90359,10
katfires,katfires,88075,10
mattrp,mattrp,148953,11
aarononair,aarononair,69091,11
polen,polen,61412,11
spekcypher,spekcypher,93911,12
pengwin,pengwin,254342,12
d4n1elle,d4n1elle,41256,12
plashir,plashir,21745,12
gumbymma,gumbymma,37439,12
mastermisuri,mastermisuri,20058,12
lozdog,lozdog,105085,12
chandraviperdae,chandraviperdae,43647,12
hidaruma,hidaruma,65593,12
robertg0123,robertg0123,8412,12
holden103,holden103,21586,12
shaww0w,shaww0w,31857,13
ohheyitsfunk,ohheyitsfunk,20966,13
tinystunt,tinystunt,29575,13
adzno,adzno,30685,13
diewithlivv,diewithlivv,56078,13
meatwrist,meatwrist,299218,13
cannawhoopsass,cannawhoopsass,32239,13
dikiza,dikiza,19348,13
msteamkk,msteamkk,69794,13
realzman,realzman,49104,13
theeazylife,theeazylife,24849,13
viscosepower,viscosepower,19817,13
blokeowski,blokeowski,13428,13
embernocte,embernocte,27191,13
frightmarez_,frightmarez_,16589,13
charmingnick,charmingnick,13901,13
firecrackthat,firecrackthat,31754,13
itsnicvic,itsnicvic,12878,13
thefabling,thefabling,9813,13
missscarletrose,missscarletrose,25989,13
clockworkbunny,clockworkbunny,13252,13
zaxx386,zaxx386,11881,13
reklez,reklez,32978,13
oldmanhowler,oldmanhowler,19756,13
stayhachi,stayhachi,35867,13
alyssajeanaf,alyssajeanaf,19752,13
real_enjoi,real_enjoi,17950,13
jarjarbloo,jarjarbloo,29547,13
fourmilli,fourmilli,34491,13
chonchi,chonchi,13646,13
peeks,peeks,42306,13
illwac,illwac,35087,13
luka_aus,luka_aus,49363,13
eptyrannical,eptyrannical,10767,13
charlieblossom,charlieblossom,53830,13
armandmorte,armandmorte,10664,13
ssj3moises,ssj3moises,12507,13
ghostlyhugs,ghostlyhugs,13797,13
travpiper,travpiper,603618,14
kyle,kyle,2053145,14
hirona,hirona,441714,14
nikkisariot,nikkisariot,405666,14
hobbittrash,hobbittrash,96031,14
kiwo,kiwo,153846,14
skipgently,skipgently,19409,14
demonmungo98,demonmungo98,28847,15
auriellis,auriellis,28979,15
chatterbox,chatterbox,197227,15
mistorthio,mistorthio,112667,15
madamegandalf,madamegandalf,66784,15
geekymeepy,geekymeepy,14293,15
superbunneh,superbunneh,33399,15
ferretrp,ferretrp,15512,15
priddyfresh,priddyfresh,15344,15
customabilities,customabilities,12514,15
iamnxera,iamnxera,87861,16
wildflowerwonder,wildflowerwonder,44870,16
mikethebard,mikethebard,83850,16
kerse,kerse,15072,16
traumz,traumz,92804,17
javashorty,javashorty,100785,17
jayaitch,jayaitch,53547,18
appleshampoo,appleshampoo,87029,18
roxmiral,roxmiral,60561,18
darthbobo77,darthbobo77,55277,19
sannmann_,sannmann_,91141,19
christombstone,christombstone,275860,19
royalcreates,royalcreates,33836,19
arckon_,arckon_,20142,19
tumeki,tumeki,11024,19
rerolldota,rerolldota,139859,19
heyimzed,heyimzed,161802,19
raided,raided,89515,19
mightymoonbear,mightymoonbear,18320,19
brakketts,brakketts,23954,19
bucketst,bucketst,204148,19
katiebunny94,katiebunny94,23450,19
mcfixer,mcfixer,43539,19
dwingz,dwingz,12103,19
ferst711,ferst711,22626,19
leonarwho,leonarwho,26447,19
tradigiart,tradigiart,13593,19
lstrictlylogicl,lstrictlylogicl,58194,19
aus24,aus24,98531,19
icymindracer,icymindracer,26721,19
craigysmith,craigysmith,36264,19
gerofied,gerofied,10102,19
chuny,chuny,34990,19
iisummer_,iisummer_,18095,19
yuukidav,yuukidav,119162,19
lord_shepherd,lord_shepherd,14410,19
simo,simo,100685,19
gwengummybear,gwengummybear,17361,19
skannerz_,skannerz_,36229,19
alliumm,alliumm,16690,19
kangaro0,kangaro0,24368,19
justdeluca,justdeluca,25231,19
cutieno,cutieno,43562,19
arustytrekkie,arustytrekkie,13410,19
mrglee,mrglee,30301,19
bigtiddytv,bigtiddytv,17199,19
hexthedemon,hexthedemon,13568,19
dkallthewayyy,dkallthewayyy,12751,19
nekomeowancer,nekomeowancer,8608,19
perqe,perqe,21230,19
xiorx,xiorx,9851,19
aaoki,aaoki,43914,19
xiceman,xiceman,45413,19
adeptthebest,adeptthebest,347487,20
syraphic,syraphic,44625,20
kevinramm,kevinramm,87718,20
xqc,xqc,31884067,20
jack,jack,220740,20
niztopia,niztopia,25289,20
omie,omie,398769,20
crystalst,crystalst,753488,21
kristoferyee,kristoferyee,411408,21
jennybeartv,jennybeartv,757487,21
matteu,matteu,513547,22
neloc_,neloc_,133614,22
vedstar,vedstar,76192,22
oneprotectivefox,oneprotectivefox,56520,22
defac3d,defac3d,276122,22
deansocool,deansocool,518572,22
jayplays,jayplays,104717,22
justjamie,justjamie,78227,22
klutch,klutch,67036,22
bbyruthless,bbyruthless,65851,22
deerockuk,deerockuk,12440,22
jonlaw_,jonlaw_,19959,22
zerkaa,zerkaa,536166,22
ascensionlive,ascensionlive,30366,22
riighty,riighty,8762,22
jennylouise1997,jennylouise1997,33257,23
samtbull23,samtbull23,10948,23
sk0l_valhalla,sk0l_valhalla,20274,23
therudyduck,therudyduck,15112,23
3piccsauce,3piccsauce,32234,23
agidon,agidon,16124,23
caitamiene,caitamiene,15709,23
gtamen,gtamen,61669,23
aheeyuh,aheeyuh,13996,23
cheezrp,cheezrp,51093,23
jjlakee,jjlakee,50373,23
fakejdn,fakejdn,31546,23
adamsmiley96,adamsmiley96,12913,23
farmhouse78,farmhouse78,73545,23
josesantanna,josesantanna,47264,23
robciclexd,robciclexd,16869,23
slasher2099,slasher2099,29303,23
flomcnasty_tv,flomcnasty_tv,90574,23
tylercott,tylercott,18248,23
fiendota,fiendota,41957,23
rayforrachel,rayforrachel,35163,23
artbybaha,artbybaha,16655,23
amakingswp,amakingswp,8258,23
snakerez,snakerez,12457,23
zimmethy,zimmethy,16413,23
theelitetakeover,theelitetakeover,17436,23
unmployd_kratos,unmployd_kratos,12566,23
totallyhenrik,totallyhenrik,10861,23
ilycappicat,ilycappicat,23246,23
confuseddevil,confuseddevil,44843,24
sciencegun,sciencegun,24953,24
hogshund,hogshund,32578,24
oyamec,oyamec,17590,24
gutturalsteve,gutturalsteve,17445,24
52chains,52chains,97097,24
lovinurstyle,lovinurstyle,23867,24
durptastic,durptastic,11046,24
wtfmoses,wtfmoses,36567,24
benni,benni,48468,25
kongfue,kongfue,80822,25
ms_star,ms_star,122021,25
purpose2,purpose2,19580,25
zuck,zuck,70830,25
fairzz,fairzz,38147,25
neverossa,neverossa,63825,25
sock22,sock22,106111,26
curvyelephant,curvyelephant,319775,26
nidas,nidas,291097,26
shotz,shotz,570111,27
shxcky,shxcky,32485,27
vader,vader,502608,27
a2guapo,a2guapo,367633,28
ripoozi,ripoozi,114687,28
jettskiiee,jettskiiee,26271,28
zaytyree,zaytyree,13247,28
bigskenger,bigskenger,88590,28
ming,ming,283644,28
4head,4head,584200,28
sayeedblack,sayeedblack,217498,28
kookie,kookie,77204,28
asteroba,asteroba,155297,29
thebigmeech,thebigmeech,113110,29
jonthebroski,jonthebroski,128018,29
chalupa_pants,chalupa_pants,246834,29
kiva,kiva,558623,29
mick,mick,16452,29
uberhaxornova,uberhaxornova,574907,29
mekabear,mekabear,184218,29
abdulhd,abdulhd,421099,30
wolfabelle,wolfabelle,738864,30
bbeambee,bbeambee,83433,30
leg0s,leg0s,224892,30
thegeneralsmokey,thegeneralsmokey,14577,30
herotheycall,herotheycall,36108,30
kgugaming,kgugaming,125845,31
broxh_,broxh_,72649,31
jjfried,jjfried,243555,32
rexsair,rexsair,16281,32
arnie,arnie,153928,32
swizzmb,swizzmb,240759,32
ash,ash,229991,32
qmariox,qmariox,75453,32
either,either,17892,32
silent,silent,446023,32
chelb,chelb,142456,32
crazyheartsz,crazyheartsz,30676,32
slyyrak,slyyrak,18403,32
kioshima_ff,kioshima_ff,39503,32
moboking,moboking,135956,32
chillypanda,chillypanda,92730,32
kemony,kemony,76117,32
myles_away,myles_away,200441,33
owlodyssey,owlodyssey,35656,33
kinamazing,kinamazing,141882,33
clammy,clammy,22792,33
cosmic,cosmic,101761,33
pydrex,pydrex,20619,33
depdott,depdott,9251,33
primal,primal,57606,33
sharaadrick,sharaadrick,96435,34
melodymaeee,melodymaeee,78368,34
vindichee,vindichee,137019,34
kyliebitkin,kyliebitkin,725712,34
ladyhope,ladyhope,262913,34
ddpeter,ddpeter,21809,34
dunrunnin12,dunrunnin12,18747,34
madbush,madbush,53397,34
stephanerys,stephanerys,16624,34
dyoti,dyoti,124402,35
zaquelle,zaquelle,102502,35
cathie,cathie,102717,35
megatruong,megatruong,43340,35
daxxtr,daxxtr,82169,35
bythybeard,bythybeard,73819,35
killrbeauty,killrbeauty,26412,35
africansnowball,africansnowball,147052,36
carmen,carmen,447954,36
bananaduck,bananaduck,146669,36
spaceboy,spaceboy,393295,36
frynaut,frynaut,21640,36
beetleballs,beetleballs,166593,37
vtechas,vtechas,135489,37
lunaoni,lunaoni,655702,37
kari,kari,144452,37
cazeytv,cazeytv,150938,38
belowthewaves,belowthewaves,9997,38
remdogg,remdogg,228085,38
kate_ca,kate_ca,35692,38
owenseven,owenseven,80738,39
walnutcast,walnutcast,151851,39
s0upes,s0upes,126530,39
mantis,mantis,170163,39
dogbert,dogbert,45880,39
pasty,pasty,27317,39
b_hoopla,b_hoopla,19238,40
jetgaming_,jetgaming_,50193,40
gamermagoo,gamermagoo,41876,40
kinkyhobo,kinkyhobo,50269,40
cydrose,cydrose,92034,40
nerdandi,nerdandi,28467,40
dasunnyd,dasunnyd,26582,41
thasteeztrap,thasteeztrap,31416,41
deprimo,deprimo,16168,41
mollyrollinxo,mollyrollinxo,17986,41
myladyballs,myladyballs,17176,41
itselnari,itselnari,44239,41
motorsport126,motorsport126,11677,41
kytolee,kytolee,10588,41
eshvita,eshvita,13148,41
jaydoubleurp,jaydoubleurp,10600,41
richhhh_,richhhh_,7824,41
sleepydrakaina,sleepydrakaina,11682,41
bringaoffire,bringaoffire,7252,41
franktactics,franktactics,41997,42
spoty09,spoty09,38561,42
irish_gt,irish_gt,86496,42
jzk_1337,jzk_1337,51470,42
protay,protay,100940,42
sarah_digitally,sarah_digitally,74330,42
neutren,neutren,435292,42
niccorazi,niccorazi,45901,42
ikitty,ikitty,115001,42
julian,julian,113348,43
dark0verseer,dark0verseer,104708,43
elochai,elochai,54783,43
denis3d,denis3d,94731,43
enevun,enevun,53588,43
nikez,nikez,415561,44
kate,kate,366222,44
itsjustasummerjob,itsjustasummerjob,69681,44
lyndi,lyndi,186330,45
angelina,angelina,47959,45
bananabrea,bananabrea,545453,45
zpapz,zpapz,86924,45
minky,minky,74577,45
emoussy,emoussy,88068,45
carlos,carlos,65629,45
traycee,traycee,73576,45
chanpu,chanpu,28336,45
boogie,boogie,29038,45
alexhasg2g,alexhasg2g,12133,45
raine,raine,95466,45
halfwayhardcore,halfwayhardcore,190503,46
nakkida,nakkida,241830,46
occamssabre,occamssabre,158022,46
thechief1114,thechief1114,642892,46
im_justjo,im_justjo,24004,46
murphybraun,murphybraun,35661,46
evee,evee,42716,46
moosebrother,moosebrother,307758,46
aristotelian,aristotelian,19778,46
penta,penta,2614009,46
moodyweatherasd,moodyweatherasd,10663,46
divajilly,divajilly,49563,46
selvek,selvek,17851,46
comrademolly,comrademolly,22750,46
nathankb_,nathankb_,77805,46
alittlesoupy,alittlesoupy,9437,46
nostroscythe,nostroscythe,74823,47
biotoxz_,biotoxz_,429530,47
ggqf,ggqf,56086,47
shadiko,shadiko,180192,47
fyzicul,fyzicul,91592,47
ashi,ashi,163602,47
jeimiru,jeimiru,47603,48
zaitohro,zaitohro,35911,48
hurnani,hurnani,31466,48
justjambaa,justjambaa,79908,48
anthonyz,anthonyz,926107,49
lysium,lysium,437855,49
madoreline,madoreline,36293,49
noraexplorer,noraexplorer,116783,49
shush_x3,shush_x3,9699,49
iikeycaps,iikeycaps,17793,49
kurupt,kurupt,29144,49
ray__c,ray__c,1358760,49
fredosrp,fredosrp,22227,49
wecameasbecca,wecameasbecca,26295,49
richyrevolver,richyrevolver,19694,49
luisthejnr,luisthejnr,10480,49
hotted89,hotted89,204117,50
ziggy,ziggy,229002,50
uhsnow,uhsnow,602629,50
gtawiseguy,gtawiseguy,730870,50
0reed,0reed,63493,50
tinyspark,tinyspark,126341,50
tobii,tobii,635519,50
basyk,basyk,67520,50
mollyruu,mollyruu,60930,50
fatboislimyo,fatboislimyo,20351,51
phantomzz_ow,phantomzz_ow,138187,51
sl1mew,sl1mew,33468,51
nexa9,nexa9,44946,51
acezproduction,acezproduction,78626,51
lagtvmaximusblack,lagtvmaximusblack,184147,51
bundie,bundie,16717,51
minceomega,minceomega,6611,51
slummpy,slummpy,30542,52
snipernamedg,snipernamedg,61901,52
merald,merald,235289,53
zolo4real,zolo4real,39028,53
nyasuuy2k,nyasuuy2k,34892,53
acethunder063,acethunder063,19741,53
capped,capped,140876,53
greenishmonkey,greenishmonkey,29713,53
thirteen,thirteen,20918,53
kingjayclouted,kingjayclouted,38320,54
i_amoblivious,i_amoblivious,7585,54
livberri,livberri,39005,54
timmac,timmac,466114,55
koil,koil,961159,55
buddha,buddha,1373106,56
lucky_rp,lucky_rp,40151,56
harry,harry,279666,56
the_halfhand,the_halfhand,19352,56
1pandeh,1pandeh,2817,57
adkguy,adkguy,4360,58
allofzeus,allofzeus,7565,59
americansneakers,americansneakers,6679,60
andydvh,andydvh,7260,61
annamaymight,annamaymight,8116,62
asterart,asterart,7268,63
aw_naw,aw_naw,4144,64
bananahead_og,bananahead_og,7924,65
bananalover115,bananalover115,7572,66
banjobonjovi,banjobonjovi,7693,67
barbievision,barbievision,4226,68
baskinlive,baskinlive,5631,69
bcbeastly,bcbeastly,4648,70
beruru,beruru,5557,71
bigsmi1es,bigsmi1es,7591,72
blown,blown,8270,73
bovined,bovined,3992,74
buggerup,buggerup,7465,75
carbie,carbie,11612,76
cbasrp,cbasrp,12751,77
cennah,cennah,7812,78
clapemupg,clapemupg,7662,79
cleebronjames,cleebronjames,3309,80
delanei,delanei,5801,81
deputydangerdan,deputydangerdan,7234,82
doom_of_dead,doom_of_dead,6650,83
duroode,duroode,5452,84
f0ur20,f0ur20,9456,85
fairkingtobi,fairkingtobi,1712,86
fallenangelpirex,fallenangelpirex,5711,87
falloftheseason,falloftheseason,6141,88
fatboigutta,fatboigutta,5242,89
fitnihil,fitnihil,5323,90
fl00wer,fl00wer,6373,91
fleureo,fleureo,8030,92
gerard_nz,gerard_nz,4603,93
gingersnap___,gingersnap___,9168,94
glitchedrp,glitchedrp,7890,95
gnomey_au,gnomey_au,6400,96
gr8pe_tv,gr8pe_tv,7352,97
gravitybzk,gravitybzk,6178,98
gtaguided,gtaguided,5941,99
holcomb1199,holcomb1199,4760,100
housem,housem,5639,101
hydraplz,hydraplz,14561,102
iandavis,iandavis,8064,103
idleelectric,idleelectric,6478,104
itsaarons,itsaarons,3032,105
itschanceconnor,itschanceconnor,8017,106
itsjpv_,itsjpv_,10431,107
itsmatthyou,itsmatthyou,6023,108
itsskhaosss,itsskhaosss,7929,109
itzshotti,itzshotti,9749,110
jay4871,jay4871,5631,111
jayaye,jayaye,3353,112
jody_sinead,jody_sinead,8790,113
jpkmoto,jpkmoto,9349,114
junodog18,junodog18,5428,115
justanotherbro,justanotherbro,5366,116
justdurant,justdurant,8342,117
keelanau,keelanau,7146,118
kerazane,kerazane,7492,119
kw39,kw39,2607,120
leftoverbitzshow,leftoverbitzshow,3206,121
likochka71,likochka71,3385,122
ll_cooltre,ll_cooltre,3872,123
llikthead,llikthead,5812,124
lovendor,lovendor,6487,125
lovespellfatale,lovespellfatale,10913,126
lp3691,lp3691,2257,127
luckypaddy,luckypaddy,2495,128
luukren,luukren,3990,129
maceymclovin,maceymclovin,5667,130
maryycherryy,maryycherryy,19530,131
mellowcee,mellowcee,5888,132
metalzoaus,metalzoaus,4553,133
miekestar,miekestar,5841,134
missbombastic,missbombastic,6737,135
mrwest16,mrwest16,6512,136
nilonim,nilonim,7945,137
noir_pi,noir_pi,10001,138
notkishaun,notkishaun,3595,139
nova_slav,nova_slav,20427,140
ntviiper,ntviiper,17240,141
nubbs777,nubbs777,6996,142
offlinezeus,offlinezeus,7310,143
onebaw,onebaw,9689,144
palin999,palin999,17896,145
paywin_,paywin_,6879,146
poedgirl,poedgirl,5239,147
pughmeister,pughmeister,5226,148
reedy,reedy,23707,149
rj1official_,rj1official_,9119,150
robbeaxe,robbeaxe,4669,151
rooktm,rooktm,10342,152
ryantheh,ryantheh,6642,153
saii_vip,saii_vip,8527,154
scythex,scythex,8984,155
sebdotcomx,sebdotcomx,8593,156
sinossa,sinossa,9112,157
sirlitt,sirlitt,1890,158
smackthatx,smackthatx,7392,159
smo_och,smo_och,9206,160
spekel,spekel,13802,161
strawbearixs,strawbearixs,4715,162
sun_bae_,sun_bae_,12981,163
tara_,tara_,10984,164
tehtac,tehtac,4987,165
tengreg,tengreg,4438,166
thebiggbrickz,thebiggbrickz,4792,167
themlgenies,themlgenies,6763,168
thenameiszizo,thenameiszizo,6763,169
tofi386,tofi386,5879,170
twrgy,twrgy,4680,171
txylorzz,txylorzz,4330,172
ukrainy_,ukrainy_,7810,173
vondill,vondill,12593,174
wetbow,wetbow,4073,175
whitecollarbunny,whitecollarbunny,6212,176
witchyvixen,witchyvixen,6228,177
xeryus_au,xeryus_au,9617,178
zachmo,zachmo,10460,179
zagnaphein,zagnaphein,15926,180
zillionrp,zillionrp,6080,181