id,label,size
0reed,0reed,63493
1pandeh,1pandeh,2817
23dasilva,23dasilva,14217
3piccsauce,3piccsauce,32234
4head,4head,584200
52chains,52chains,97097
8bit_beni,8bit_beni,20035
a2guapo,a2guapo,367633
aaoki,aaoki,43914
aarononair,aarononair,69091
abdulhd,abdulhd,421099
acethunder063,acethunder063,19741
acezproduction,acezproduction,78626
adamsmiley96,adamsmiley96,12913
adeptthebest,adeptthebest,347487
adkguy,adkguy,4360
adzno,adzno,30685
africansnowball,africansnowball,147052
afro,afro,227019
agidon,agidon,16124
aheeyuh,aheeyuh,13996
alexhasg2g,alexhasg2g,12133
alittlesoupy,alittlesoupy,9437
alliumm,alliumm,16690
allofzeus,allofzeus,7565
alphaclover_,alphaclover_,20975
alyssajeanaf,alyssajeanaf,19752
amakingswp,amakingswp,8258
americansneakers,americansneakers,6679
amrainbowbee,amrainbowbee,87504
andydvh,andydvh,7260
angelina,angelina,47959
annamaymight,annamaymight,8116
anthonyz,anthonyz,926107
appleshampoo,appleshampoo,87029
arckon_,arckon_,20142
aristotelian,aristotelian,19778
armandmorte,armandmorte,10664
arnie,arnie,153928
arsisplays,arsisplays,37159
artbybaha,artbybaha,16655
arustytrekkie,arustytrekkie,13410
ascensionlive,ascensionlive,30366
ash,ash,229991
ashhaul,ashhaul,11976
ashi,ashi,163602
asterart,asterart,7268
asteroba,asteroba,155297
auriellis,auriellis,28979
aus24,aus24,98531
aussieellie,aussieellie,63504
aw_naw,aw_naw,4144
ayubfe,ayubfe,34221
b_hoopla,b_hoopla,19238
badgerclaws_,badgerclaws_,4607
bananabrea,bananabrea,545453
bananaduck,bananaduck,146669
bananahead_og,bananahead_og,7924
bananalover115,bananalover115,7572
banjobonjovi,banjobonjovi,7693
barbievision,barbievision,4226
baskinlive,baskinlive,5631
basyk,basyk,67520
bazzagazza,bazzagazza,355518
bbeambee,bbeambee,83433
bbyruthless,bbyruthless,65851
bcbeastly,bcbeastly,4648
beetleballs,beetleballs,166593
belowthewaves,belowthewaves,9997
benni,benni,48468
bergsbrew,bergsbrew,26583
berryyboo,berryyboo,22677
beruru,beruru,5557
bigsinka,bigsinka,16582
bigskenger,bigskenger,88590
bigsmi1es,bigsmi1es,7591
bigtiddytv,bigtiddytv,17199
biotoxz_,biotoxz_,429530
blackbladeeeee,blackbladeeeee,30434
blokeowski,blokeowski,13428
blown,blown,8270
blunt_20202020,blunt_20202020,24145
boogie,boogie,29038
bovined,bovined,3992
brakketts,brakketts,23954
bringaoffire,bringaoffire,7252
broxh_,broxh_,72649
bucketst,bucketst,204148
buddha,buddha,1373106
buggerup,buggerup,7465
bunbelievable,bunbelievable,9303
bundie,bundie,16717
burn,burn,417117
bydragonrush,bydragonrush,19686
bythybeard,bythybeard,73819
c0smiik,c0smiik,9041
cadenbruner,cadenbruner,26340
caitamiene,caitamiene,15709
cannawhoopsass,cannawhoopsass,32239
capped,capped,140876
carbie,carbie,11612
carlos,carlos,65629
carmen,carmen,447954
cathie,cathie,102717
cazeytv,cazeytv,150938
cazperstreams,cazperstreams,18845
cbasrp,cbasrp,12751
cennah,cennah,7812
chalupa_pants,chalupa_pants,246834
chandraviperdae,chandraviperdae,43647
chanpu,chanpu,28336
charlieblossom,charlieblossom,53830
charlthemisfit,charlthemisfit,45469
charmingnick,charmingnick,13901
chatterbox,chatterbox,197227
cheezrp,cheezrp,51093
chelb,chelb,142456
chillypanda,chillypanda,92730
chonchi,chonchi,13646
christombstone,christombstone,275860
chuny,chuny,34990
clammy,clammy,22792
clapemupg,clapemupg,7662
clarenceactual,clarenceactual,8613
cleebronjames,cleebronjames,3309
clockworkbunny,clockworkbunny,13252
clutchcasters,clutchcasters,13791
comfygift,comfygift,13966
comrademolly,comrademolly,22750
confuseddevil,confuseddevil,44843
cosmic,cosmic,101761
cowsmooingnsuch,cowsmooingnsuch,12169
craigysmith,craigysmith,36264
crazyheartsz,crazyheartsz,30676
crystalst,crystalst,753488
curvyelephant,curvyelephant,319775
customabilities,customabilities,12514
cutieno,cutieno,43562
cydrose,cydrose,92034
d4n1elle,d4n1elle,41256
daggurt,daggurt,11135
dark0verseer,dark0verseer,104708
darthbobo77,darthbobo77,55277
dasunnyd,dasunnyd,26582
daxxtr,daxxtr,82169
ddpeter,ddpeter,21809
deaflate,deaflate,11994
deansocool,deansocool,518572
declancg,declancg,11301
deerockuk,deerockuk,12440
defac3d,defac3d,276122
delanei,delanei,5801
demonmungo98,demonmungo98,28847
denis3d,denis3d,94731
depdott,depdott,9251
deprimo,deprimo,16168
deputydangerdan,deputydangerdan,7234
diewithlivv,diewithlivv,56078
digbytathamwarter,digbytathamwarter,61402
dikiza,dikiza,19348
dimobim0,dimobim0,10528
divajilly,divajilly,49563
dkallthewayyy,dkallthewayyy,12751
dogbert,dogbert,45880
doom_of_dead,doom_of_dead,6650
drulktv,drulktv,21407
dryerplane,dryerplane,5899
dunrunnin12,dunrunnin12,18747
duroode,duroode,5452
durptastic,durptastic,11046
dwingz,dwingz,12103
dyoti,dyoti,124402
eagleaye,eagleaye,436891
either,either,17892
elochai,elochai,54783
embernocte,embernocte,27191
emoussy,emoussy,88068
enevun,enevun,53588
eptyrannical,eptyrannical,10767
erniecalhoun,erniecalhoun,9826
eshvita,eshvita,13148
evee,evee,42716
f0ur20,f0ur20,9456
fairkingtobi,fairkingtobi,1712
fairzz,fairzz,38147
fakejdn,fakejdn,31546
fallenangelpirex,fallenangelpirex,5711
falloftheseason,falloftheseason,6141
farmhouse78,farmhouse78,73545
fatboigutta,fatboigutta,5242
fatboislimyo,fatboislimyo,20351
fatpally,fatpally,15568
ferretrp,ferretrp,15512
ferst711,ferst711,22626
fiendota,fiendota,41957
firecrackthat,firecrackthat,31754
fitnihil,fitnihil,5323
fl00wer,fl00wer,6373
fleureo,fleureo,8030
flomcnasty_tv,flomcnasty_tv,90574
fourmilli,fourmilli,34491
franktactics,franktactics,41997
fredosrp,fredosrp,22227
frightmarez_,frightmarez_,16589
frogbound,frogbound,10975
frynaut,frynaut,21640
fyzicul,fyzicul,91592
gamermagoo,gamermagoo,41876
garbage_brain,garbage_brain,17249
geekymeepy,geekymeepy,14293
generalemu,generalemu,76702
gerard_nz,gerard_nz,4603
gerofied,gerofied,10102
ggqf,ggqf,56086
ghostlyhugs,ghostlyhugs,13797
gingersnap___,gingersnap___,9168
glitchedrp,glitchedrp,7890
gnomey_au,gnomey_au,6400
goose_thegreat,goose_thegreat,22806
gr8pe_tv,gr8pe_tv,7352
gravitybzk,gravitybzk,6178
greenishmonkey,greenishmonkey,29713
groovytuii,groovytuii,9803
gtaguided,gtaguided,5941
gtamen,gtamen,61669
gtawiseguy,gtawiseguy,730870
gumbymma,gumbymma,37439
gutturalsteve,gutturalsteve,17445
gwengummybear,gwengummybear,17361
halfwayhardcore,halfwayhardcore,190503
harry,harry,279666
herotheycall,herotheycall,36108
hexthedemon,hexthedemon,13568
heyimzed,heyimzed,161802
hidaruma,hidaruma,65593
hirona,hirona,441714
hobbittrash,hobbittrash,96031
hogshund,hogshund,32578
holcomb1199,holcomb1199,4760
holden103,holden103,21586
hoss,hoss,102744
hotted89,hotted89,204117
housem,housem,5639
hurnani,hurnani,31466
hydraplz,hydraplz,14561
i_amoblivious,i_amoblivious,7585
iamnxera,iamnxera,87861
iandavis,iandavis,8064
icymindracer,icymindracer,26721
idksean,idksean,53128
idleelectric,idleelectric,6478
iikeycaps,iikeycaps,17793
iisummer_,iisummer_,18095
ikitty,ikitty,115001
illwac,illwac,35087
ilycappicat,ilycappicat,23246
im_justjo,im_justjo,24004
irish_gt,irish_gt,86496
ironmonkey,ironmonkey,80424
itsaarons,itsaarons,3032
itschanceconnor,itschanceconnor,8017
itsdrp_,itsdrp_,12535
itselnari,itselnari,44239
itsjpv_,itsjpv_,10431
itsjustasummerjob,itsjustasummerjob,69681
itsmatthyou,itsmatthyou,6023
itsnicvic,itsnicvic,12878
itsskhaosss,itsskhaosss,7929
itzillwill,itzillwill,12547
itzshotti,itzshotti,9749
jack,jack,220740
jarjarbloo,jarjarbloo,29547
jason_plays_games,jason_plays_games,11184
javashorty,javashorty,100785
jay4871,jay4871,5631
jayaitch,jayaitch,53547
jayaye,jayaye,3353
jaydoubleurp,jaydoubleurp,10600
jayplays,jayplays,104717
jeimiru,jeimiru,47603
jennybeartv,jennybeartv,757487
jennylouise1997,jennylouise1997,33257
jetgaming_,jetgaming_,50193
jettskiiee,jettskiiee,26271
jfourmess,jfourmess,117433
jjfried,jjfried,243555
jjlakee,jjlakee,50373
jody_sinead,jody_sinead,8790
jogiiee,jogiiee,57700
jonlaw_,jonlaw_,19959
jonthebroski,jonthebroski,128018
josesantanna,josesantanna,47264
jpkmoto,jpkmoto,9349
jubby,jubby,43245
julian,julian,113348
junodog18,junodog18,5428
justanotherbro,justanotherbro,5366
justdeluca,justdeluca,25231
justdurant,justdurant,8342
justjambaa,justjambaa,79908
justjamie,justjamie,78227
jzk_1337,jzk_1337,51470
kaelath_the_red,kaelath_the_red,12434
kairp,kairp,10803
kalcyon,kalcyon,135380
kangaro0,kangaro0,24368
kari,kari,144452
kataudeo,kataudeo,10561
kate,kate,366222
kate_ca,kate_ca,35692
katfires,katfires,88075
katiebunny94,katiebunny94,23450
keelanau,keelanau,7146
kemony,kemony,76117
kerazane,kerazane,7492
kerse,kerse,15072
kevinramm,kevinramm,87718
kgugaming,kgugaming,125845
khaosadam,khaosadam,436866
kiinkii_panda,kiinkii_panda,12091
killrbeauty,killrbeauty,26412
kinamazing,kinamazing,141882
kingjayclouted,kingjayclouted,38320
kingkontent,kingkontent,37261
kinkyhobo,kinkyhobo,50269
kioshima_ff,kioshima_ff,39503
kiva,kiva,558623
kiwo,kiwo,153846
klaas2fam,klaas2fam,10225
klokwrk,klokwrk,10920
klutch,klutch,67036
koapua,koapua,8964
koil,koil,961159
kongfue,kongfue,80822
kookie,kookie,77204
kripted,kripted,45805
kristoferyee,kristoferyee,411408
kurupt,kurupt,29144
kw39,kw39,2607
kyle,kyle,2053145
kyliebitkin,kyliebitkin,725712
kytolee,kytolee,10588
ladyhope,ladyhope,262913
lagtvmaximusblack,lagtvmaximusblack,184147
leftoverbitzshow,leftoverbitzshow,3206
leg0s,leg0s,224892
leonarwho,leonarwho,26447
letterjaye,letterjaye,71975
lewdicon,lewdicon,23898
liftedgn,liftedgn,25104
likochka71,likochka71,3385
linx6ix,linx6ix,11623
livberri,livberri,39005
ll_cooltre,ll_cooltre,3872
llikthead,llikthead,5812
lord_shepherd,lord_shepherd,14410
lordjasta,lordjasta,24249
lovendor,lovendor,6487
lovespellfatale,lovespellfatale,10913
lovinurstyle,lovinurstyle,23867
lozdog,lozdog,105085
lp3691,lp3691,2257
lstrictlylogicl,lstrictlylogicl,58194
lt_custard,lt_custard,263161
lucky_rp,lucky_rp,40151
luckypaddy,luckypaddy,2495
luisthejnr,luisthejnr,10480
luka_aus,luka_aus,49363
lunaoni,lunaoni,655702
luukren,luukren,3990
lyndi,lyndi,186330
lysium,lysium,437855
maceymclovin,maceymclovin,5667
madamegandalf,madamegandalf,66784
madbush,madbush,53397
madmoiselle,madmoiselle,34029
madoreline,madoreline,36293
mantis,mantis,170163
maryycherryy,maryycherryy,19530
masonshortland,masonshortland,58432
mastermisuri,mastermisuri,20058
matchesxmalone,matchesxmalone,13055
mateo2lit,mateo2lit,17036
matteu,matteu,513547
mattrp,mattrp,148953
mcfixer,mcfixer,43539
meatwrist,meatwrist,299218
megatruong,megatruong,43340
mekabear,mekabear,184218
mellowcee,mellowcee,5888
melodymaeee,melodymaeee,78368
merald,merald,235289
metalzoaus,metalzoaus,4553
mick,mick,16452
miekestar,miekestar,5841
mightymoonbear,mightymoonbear,18320
mikethebard,mikethebard,83850
minceomega,minceomega,6611
minervamaat,minervamaat,63106
ming,ming,283644
minky,minky,74577
missbombastic,missbombastic,6737
missscarletrose,missscarletrose,25989
mistorthio,mistorthio,112667
moboking,moboking,135956
moezeff,moezeff,18374
mollyrollinxo,mollyrollinxo,17986
mollyruu,mollyruu,60930
moodyweatherasd,moodyweatherasd,10663
moosebrother,moosebrother,307758
motorsport126,motorsport126,11677
moxier4wr,moxier4wr,90359
mrglee,mrglee,30301
mrtimeee,mrtimeee,76774
mrwest16,mrwest16,6512
ms_star,ms_star,122021
msteamkk,msteamkk,69794
murphybraun,murphybraun,35661
myladyballs,myladyballs,17176
myles_away,myles_away,200441
nakkida,nakkida,241830
nathankb_,nathankb_,77805
nekomeowancer,nekomeowancer,8608
neloc_,neloc_,133614
nerdandi,nerdandi,28467
neskrp,neskrp,10790
neutren,neutren,435292
neverossa,neverossa,63825
nexa9,nexa9,44946
niccorazi,niccorazi,45901
nidas,nidas,291097
nikez,nikez,415561
nikkisariot,nikkisariot,405666
nilonim,nilonim,7945
nixonhd88,nixonhd88,18406
niztopia,niztopia,25289
noir_pi,noir_pi,10001
noraexplorer,noraexplorer,116783
nostroscythe,nostroscythe,74823
notkishaun,notkishaun,3595
nova_slav,nova_slav,20427
ntviiper,ntviiper,17240
nubbs777,nubbs777,6996
nyasuuy2k,nyasuuy2k,34892
occamssabre,occamssabre,158022
offlinezeus,offlinezeus,7310
ogclutchisreal,ogclutchisreal,7816
ohheyitsfunk,ohheyitsfunk,20966
oldmanhowler,oldmanhowler,19756
omie,omie,398769
onebaw,onebaw,9689
oneprotectivefox,oneprotectivefox,56520
onesmolbumble,onesmolbumble,30362
owenseven,owenseven,80738
owlodyssey,owlodyssey,35656
oyamec,oyamec,17590
palin999,palin999,17896
pan_derp,pan_derp,7921
pasty,pasty,27317
paywin_,paywin_,6879
peeks,peeks,42306
pengwin,pengwin,254342
penta,penta,2614009
perqe,perqe,21230
phantomzz_ow,phantomzz_ow,138187
plashir,plashir,21745
poedgirl,poedgirl,5239
polen,polen,61412
priddyfresh,priddyfresh,15344
primal,primal,57606
protay,protay,100940
pughmeister,pughmeister,5226
purpose2,purpose2,19580
pydrex,pydrex,20619
qmariox,qmariox,75453
queenquelle,queenquelle,10670
radsberry,radsberry,8790
raided,raided,89515
raine,raine,95466
ray__c,ray__c,1358760
rayforrachel,rayforrachel,35163
real_enjoi,real_enjoi,17950
realzman,realzman,49104
rebel0namission,rebel0namission,9351
reedy,reedy,23707
reklez,reklez,32978
remdogg,remdogg,228085
rerolldota,rerolldota,139859
rexsair,rexsair,16281
reychel,reychel,49349
richhhh_,richhhh_,7824
richyrevolver,richyrevolver,19694
riighty,riighty,8762
ripoozi,ripoozi,114687
rj1official_,rj1official_,9119
rlly,rlly,41771
robbeaxe,robbeaxe,4669
robciclexd,robciclexd,16869
robertg0123,robertg0123,8412
robotninjapants,robotninjapants,14352
rooktm,rooktm,10342
roxmiral,roxmiral,60561
royalcreates,royalcreates,33836
rudedog24,rudedog24,34686
ryantheh,ryantheh,6642
s0upes,s0upes,126530
saii_vip,saii_vip,8527
samtbull23,samtbull23,10948
sannmann_,sannmann_,91141
sarah_digitally,sarah_digitally,74330
sarahfrommars,sarahfrommars,15272
saturneighteen,saturneighteen,139689
sayeedblack,sayeedblack,217498
sciencegun,sciencegun,24953
scythex,scythex,8984
sebdotcomx,sebdotcomx,8593
selvek,selvek,17851
senor_nerdy,senor_nerdy,14097
seomiyo,seomiyo,14756
shadiko,shadiko,180192
sharaadrick,sharaadrick,96435
shaww0w,shaww0w,31857
shaynaah,shaynaah,24539
shotz,shotz,570111
shush_x3,shush_x3,9699
shxcky,shxcky,32485
silent,silent,446023
simo,simo,100685
sinossa,sinossa,9112
sirlitt,sirlitt,1890
sk0l_valhalla,sk0l_valhalla,20274
skannerz_,skannerz_,36229
skipgently,skipgently,19409
sl1mew,sl1mew,33468
slasher2099,slasher2099,29303
sleepydrakaina,sleepydrakaina,11682
slummpy,slummpy,30542
slyyrak,slyyrak,18403
smackthatx,smackthatx,7392
smo_och,smo_och,9206
snakerez,snakerez,12457
snipernamedg,snipernamedg,61901
sock22,sock22,106111
solekefs,solekefs,86371
sonknuck,sonknuck,30718
spaceboy,spaceboy,393295
sparkdog_,sparkdog_,11680
spekcypher,spekcypher,93911
spekel,spekel,13802
spoty09,spoty09,38561
ssaab,ssaab,741256
ssj3moises,ssj3moises,12507
stayhachi,stayhachi,35867
ste_eire,ste_eire,44717
stephanerys,stephanerys,16624
strawbearixs,strawbearixs,4715
sun_bae_,sun_bae_,12981
superbunneh,superbunneh,33399
swizzmb,swizzmb,240759
syraphic,syraphic,44625
tara_,tara_,10984
tbnrkenworth,tbnrkenworth,63676
tehtac,tehtac,4987
tengreg,tengreg,4438
thasteeztrap,thasteeztrap,31416
the_halfhand,the_halfhand,19352
the_hug_dealer,the_hug_dealer,16503
thebiggbrickz,thebiggbrickz,4792
thebigmeech,thebigmeech,113110
thechief1114,thechief1114,642892
thedeluxe4,thedeluxe4,44896
theeazylife,theeazylife,24849
theelitetakeover,theelitetakeover,17436
thefabling,thefabling,9813
thegeneralsmokey,thegeneralsmokey,14577
thelgx,thelgx,232645
themlgenies,themlgenies,6763
thenameiszizo,thenameiszizo,6763
therudyduck,therudyduck,15112
thirteen,thirteen,20918
timmac,timmac,466114
tinyspark,tinyspark,126341
tinystunt,tinystunt,29575
tobii,tobii,635519
tofi386,tofi386,5879
totallyhenrik,totallyhenrik,10861
tradigiart,tradigiart,13593
trashedpotatopie,trashedpotatopie,60590
traumz,traumz,92804
travisrashguard,travisrashguard,17234
travpiper,travpiper,603618
traycee,traycee,73576
trixyboostreams,trixyboostreams,17292
tumeki,tumeki,11024
twrgy,twrgy,4680
txylorzz,txylorzz,4330
tylercott,tylercott,18248
uberhaxornova,uberhaxornova,574907
uhhmort,uhhmort,11075
uhsnow,uhsnow,602629
ukrainy_,ukrainy_,7810
unmployd_kratos,unmployd_kratos,12566
upsettingtooth1,upsettingtooth1,9813
vader,vader,502608
vedstar,vedstar,76192
vindichee,vindichee,137019
viscosepower,viscosepower,19817
voladin17,voladin17,19488
vondill,vondill,12593
vtechas,vtechas,135489
walnutcast,walnutcast,151851
wave_tf,wave_tf,14177
wecameasbecca,wecameasbecca,26295
wetbow,wetbow,4073
whippy,whippy,640145
whitecollarbunny,whitecollarbunny,6212
wildflowerwonder,wildflowerwonder,44870
wildjing,wildjing,14066
witchyvixen,witchyvixen,6228
withextrasauce,withextrasauce,39665
wolfabelle,wolfabelle,738864
wtfmoses,wtfmoses,36567
wucher09,wucher09,11144
xeryus_au,xeryus_au,9617
xiceman,xiceman,45413
xiorx,xiorx,9851
xqc,xqc,31884067
yaboidr3w,yaboidr3w,14118
yoinksog,yoinksog,20407
yuukidav,yuukidav,119162
zachmo,zachmo,10460
zagnaphein,zagnaphein,15926
zaitohro,zaitohro,35911
zaquelle,zaquelle,102502
zaxx386,zaxx386,11881
zaytyree,zaytyree,13247
zerkaa,zerkaa,536166
ziggy,ziggy,229002
zillionrp,zillionrp,6080
zimmethy,zimmethy,16413
zolo4real,zolo4real,39028
zpapz,zpapz,86924
zuck,zuck,70830
